Domaine;SEMrushRank;MoyenneClassementGooogle;Frequence
fr.wikipedia.org;1;3.475206611570248;726
www.allocine.fr;78295;4.994535519125683;366
www.programme-tv.net;125027;7.832298136645963;322
www.canalplus.com;79000;5.873076923076923;260
www.france.tv;81707;3.367088607594937;237
www.molotov.tv;479018;6.3515625;128
www.tf1.fr;104070;3.9217391304347826;115
www.6play.fr;216064;4.296296296296297;108
programmetv.ouest-france.fr;55247;8.283018867924529;106
www.programme-television.org;551242;7.63;100
tvmag.lefigaro.fr;19674;7.815217391304348;92
www.senscritique.com;283329;7.8522727272727275;88
television.telerama.fr;580161;8.113636363636363;88
www.youtube.com;2;4.627906976744186;86
fr-fr.facebook.com;6;6.607142857142857;84
www.amazon.fr;24226;8.37037037037037;81
www.programme.tv;892354;7.260273972602739;73
tv-programme.com;1069919;7.349206349206349;63
www.netflix.com;49;6.927272727272728;55
www.gulli.fr;1138870;4.528301886792453;53
www.arte.tv;112573;3.9166666666666665;48
www.larousse.fr;16910;6.787234042553192;47
www.fnac.com;59769;9.380952380952381;42
fr.wiktionary.org;39;7.2926829268292686;41
www.francetelevisions.fr;978228;7.048780487804878;41
www.francetvpro.fr;2733390;7.85;40
tv.apple.com;15;6.243243243243243;37
www.linternaute.com;291940;7.527777777777778;36
www.imdb.com;5;8.228571428571428;35
livre.fnac.com;59769;8.323529411764707;34
www.telerama.fr;580161;6.625;32
www.cineserie.com;790066;7.46875;32
www.replay.fr;2035738;7.67741935483871;31
www.ouest-france.fr;55247;6.548387096774194;31
www.facebook.com;6;7.333333333333333;30
www.toutelatele.com;3876963;6.037037037037037;27
www.justwatch.com;645;7.111111111111111;27
www.disneyplus.com;160;7.461538461538462;26
www.rmcbfmplay.com;1745272;4.3076923076923075;26
www.lefigaro.fr;19674;8.038461538461538;26
www.telestar.fr;1144866;5.24;25
www.lequipe.fr;23243;4.08;25
www.ecranlarge.com;588616;9.130434782608695;23
www.babelio.com;262262;8.0;21
en.wikipedia.org;1;4.15;20
www.nrj-play.fr;3514195;6.0;20
www.20minutes.fr;130305;8.666666666666666;18
actu.fr;519128;5.588235294117647;17
fr.vikidia.org;179145;7.470588235294118;17
www.instagram.com;7;10.375;16
www.cdiscount.com;70553;7.466666666666667;15
www.synonyme-du-mot.com;280055;4.933333333333334;15
www.radiofrance.fr;110449;6.857142857142857;14
boutique.arte.tv;112573;3.0;14
www.elle.fr;144358;8.642857142857142;14
www.filmspourenfants.net;2676185;6.214285714285714;14
www.linguee.fr;63822;9.0;13
www.voici.fr;88478;10.153846153846153;13
replay.gulli.fr;1138870;3.5384615384615383;13
www.canalj.fr;2245437;7.384615384615385;13
booknode.com;430278;10.76923076923077;13
twitter.com;12;7.5;12
www.nouveautes-tele.com;1821355;6.25;12
www.serieously.com;3103744;4.75;12
www.leparisien.fr;45057;5.583333333333333;12
www.a-suivre.org;4364275;9.454545454545455;11
discoveryfrance.fr;10550630;4.2727272727272725;11
www.cnrtl.fr;46853;7.090909090909091;11
www.rtlplay.be;1013918;7.2727272727272725;11
www.joueclub.fr;535411;6.9;10
www.eurosport.fr;214043;8.3;10
www.ozap.com;2141368;9.8;10
www.lemonde.fr;13457;6.4;10
m.youtube.com;2;6.222222222222222;9
www.europe1.fr;71059;4.888888888888889;9
www.lumni.fr;1216678;5.222222222222222;9
www.cnews.fr;136633;6.111111111111111;9
www.premiere.fr;1986629;9.666666666666666;9
www.primevideo.com;3960;6.222222222222222;9
www.cairn.info;79063;9.25;8
www.cosmopolitan.fr;454004;7.75;8
www.cultura.com;554026;7.5;8
www.lalanguefrancaise.com;64470;8.875;8
www.feminactu.com;4353654;5.75;8
www.geo.fr;503600;9.25;8
www.tfoumax.fr;6376574;6.5;8
www.bfmtv.com;49414;6.25;8
www.dailymotion.com;795;8.857142857142858;7
www.francetvinfo.fr;47748;7.0;7
fr.news.yahoo.com;11;7.285714285714286;7
www.tv5unis.ca;2136902;7.0;7
www.king-jouet.com;711009;5.571428571428571;7
www.lepoint.fr;234878;9.285714285714286;7
www.salto.fr;2314308;9.285714285714286;7
www.purebreak.com;2475641;4.714285714285714;7
xilam.com;462934;3.5714285714285716;7
www.ladepeche.fr;409717;7.428571428571429;7
www.lagranderecre.fr;1252082;7.5;6
www.rts.ch;587740;8.333333333333334;6
dictionary.cambridge.org;38;8.166666666666666;6
podcasts.apple.com;15;7.333333333333333;6
www.soap-passion.com;2271949;6.5;6
www.bedetheque.com;1385407;6.833333333333333;6
www.telequebec.tv;754960;7.666666666666667;6
www.dargaud.com;4045428;4.666666666666667;6
newsactual.fr;3271429;8.0;6
www.francebleu.fr;495057;5.833333333333333;6
www.service-public.fr;47846;4.166666666666667;6
actu.salto.fr;2314308;7.833333333333333;6
www.telepoche.fr;4384065;8.333333333333334;6
www.decitre.fr;784326;7.8;5
bullesdeculture.com;6673227;6.2;5
www.linternaute.fr;30923;5.0;5
play.google.com;4;7.2;5
www.cartoonnetwork.fr;3461587;5.8;5
www.e.leclerc;417349;10.2;5
fr.bab.la;577;9.0;5
www.magicmaman.com;306386;6.6;5
www.bdtheque.com;2756926;7.4;5
cuisine.journaldesfemmes.fr;61142;4.8;5
www.serie-news.com;8831179;5.8;5
cinema.bretagne.bzh;2917152;7.4;5
canneseries.com;401052;7.6;5
www.purepeople.com;254534;8.0;5
sports.orange.fr;113998;7.4;5
www.tf1info.fr;218597;5.4;5
www.tv5monde.com;66153;8.0;5
www.parents.fr;266711;7.4;5
www.petitpoilu.com;18981680;3.2;5
www.evous.fr;1115678;5.8;5
www.rugbyrama.fr;696995;6.8;5
www.letelegramme.fr;549870;9.0;4
www.glenat.com;2809063;6.0;4
fr.wikihow.com;116;5.75;4
actualitte.com;2471105;6.75;4
dictionnaire.lerobert.com;94741;6.75;4
apps.apple.com;15;9.0;4
www.cinereflex.com;9209427;8.25;4
www.lesinrocks.com;1201744;6.75;4
www.cnetfrance.fr;1106324;8.25;4
www.aufeminin.com;349017;9.5;4
revoir.tv5monde.com;66153;8.25;4
www.parismatch.com;113873;8.0;4
www.nationalgeographic.fr;1388457;7.0;4
www.huffingtonpost.fr;685065;10.75;4
rmc.bfmtv.com;49414;7.75;4
www.marieclaire.fr;248007;8.0;4
www.turbo.fr;1927382;7.25;4
www.lego.com;236;5.0;4
madame.lefigaro.fr;19674;5.0;4
www.telereplay.fr;4384951;7.75;4
www.lnr.fr;1618158;3.0;4
www.nvidia.com;655;3.75;4
www.rolandgarros.com;2387;4.25;4
fr.shopping.rakuten.com;2447;9.0;3
www.bibliothequerose.com;6764678;4.666666666666667;3
www.zed.fr;1235955;4.666666666666667;3
www.ledauphine.com;541312;7.666666666666667;3
www.crew-united.com;176090;7.333333333333333;3
auvio.rtbf.be;146906;10.0;3
www.lavoixdunord.fr;80584;4.0;3
www.toupie.org;602836;8.666666666666666;3
www.telez.fr;3641782;6.666666666666667;3
www.tiji.fr;4077813;8.333333333333334;3
fr.aliexpress.com;626;7.666666666666667;3
www.critictoo.com;8044127;9.0;3
www.sudouest.fr;383309;7.0;3
www.universalis.fr;500030;8.666666666666666;3
www.gala.fr;220295;7.666666666666667;3
www.allodoublage.com;5073266;11.0;3
open.spotify.com;55;7.666666666666667;3
rmccrime.bfmtv.com;49414;8.0;3
www.maxicours.com;908428;4.333333333333333;3
www.futura-sciences.com;233579;10.333333333333334;3
www.nrj.fr;702239;5.666666666666667;3
photo.caminteresse.fr;817935;8.0;3
www.rtl.fr;485549;5.666666666666667;3
www.echosdunet.net;785739;5.0;3
www.leblogtvnews.com;3084643;5.666666666666667;3
www.pokepedia.fr;300504;6.0;3
www.societe.com;166070;5.0;3
www.jolie-bobine.fr;2894912;4.333333333333333;3
www.jeuxvideo.com;142068;6.666666666666667;3
leclaireur.fnac.com;59769;6.333333333333333;3
www.pinterest.fr;34541;8.666666666666666;3
langue-francaise.tv5monde.com;66153;7.333333333333333;3
dictionnaire.reverso.net;417;8.0;3
www.footmercato.net;84954;6.333333333333333;3
fr.uefa.com;519;8.333333333333334;3
www.flashscore.fr;177993;9.666666666666666;3
mcetv.ouest-france.fr;55247;5.0;3
www.boomerangtv.fr;2476601;5.333333333333333;3
madelen.ina.fr;937204;7.0;3
www.femmeactuelle.fr;144738;5.0;3
www.piscines-hdp.com;10714201;6.333333333333333;3
replay.orange.fr;113998;7.333333333333333;3
chefsimon.com;332368;7.0;3
www.film-documentaire.fr;3486856;4.333333333333333;3
bayam.tv;5473885;4.666666666666667;3
fr.wikimini.org;3349457;4.666666666666667;3
www.numerama.com;843945;7.666666666666667;3
www.ocs.fr;2677941;7.333333333333333;3
www.lodge-coco.com;7654616;6.333333333333333;3
www.cuisineaz.com;203999;9.333333333333334;3
mecaretrosport76.fr;n/a;6.0;3
www.conseil-constitutionnel.fr;742474;6.666666666666667;3
powerrangers.hasbro.com;1324;5.333333333333333;3
powerrangers.fandom.com;9;10.333333333333334;3
www.madmoizelle.com;1099988;6.0;3
whc.unesco.org;1983;7.0;3
topchef.fandom.com;9;3.3333333333333335;3
www.yetili.fr;14523651;4.666666666666667;3
www.caradisiac.com;971218;6.0;2
support.microsoft.com;56;2.5;2
www.radio-en-ligne.fr;598943;6.5;2
www.chaletdenho.fr;29573488;8.0;2
www.courrierinternational.com;660136;4.5;2
www.mafamillezen.com;5991921;5.0;2
www.20min.ch;303572;3.5;2
www.bd-kids.com;5939581;5.0;2
www.bdfugue.com;1958621;11.5;2
www.idealo.fr;1454693;9.0;2
svod.gulli.fr;1138870;10.0;2
buffy.fandom.com;9;5.5;2
store.steampowered.com;115;8.0;2
www.skylinewebcams.com;15452;5.5;2
beyblade-shop.com;7798274;5.5;2
beyblade.hasbro.com;1324;1.5;2
www.ebay.fr;115188;10.5;2
bob-leponge.fandom.com;9;4.5;2
bones.hypnoweb.net;1451008;6.5;2
www.dupuis.com;3512983;8.0;2
braindamaged.fr;5322182;8.0;2
francetvstudio.fr;9975601;9.0;2
www.palaisdesfestivals.com;708992;3.5;2
www.prismashop.fr;4137062;10.0;2
mythologica.fr;2674823;8.5;2
nominis.cef.fr;899451;11.5;2
www.mariefrance.fr;1201927;10.5;2
www.persee.fr;515340;3.0;2
www.herodote.net;1494401;7.5;2
tf1-et-vous.tf1.fr;104070;6.5;2
actuanews.fr;33231816;7.0;2
fr.quora.com;60;3.0;2
www.dvdfr.com;5349094;10.5;2
www.usineadesign.com;6493665;3.5;2
entreprendre.service-public.fr;47846;2.0;2
www.demarches.interieur.gouv.fr;113479;7.0;2
www.securite-routiere.gouv.fr;887073;7.5;2
www.sortiraparis.com;149220;7.0;2
www.letour.fr;41720;4.0;2
www.1jour1actu.com;356085;6.5;2
rmcsport.bfmtv.com;49414;9.0;2
www.latourdesheros.com;8699892;6.5;2
ici.tou.tv;240239;9.5;2
dictionnaire.sensagent.leparisien.fr;45057;10.0;2
m.facebook.com;6;5.0;2
www.strate.design;7965240;4.5;2
www.paruvendu.fr;483372;3.0;2
www.cidj.com;381608;5.5;2
rubypayeur.com;1934161;11.0;2
www.vanityfair.fr;1836849;10.0;2
serieophile.fr;6721371;1.5;2
www.eklecty-city.fr;2346187;6.0;2
www.db-z.com;2959253;4.5;2
www.micromania.fr;1047286;11.0;2
fr.bandainamcoent.eu;4031;10.0;2
drop-dead-diva.fandom.com;9;7.5;2
www.techno-science.net;539609;10.5;2
www.journaldesfemmes.fr;61142;8.5;2
www.rcf.fr;2431799;10.5;2
newsdanciennes.com;7977952;6.0;2
guide.benshi.fr;8511872;4.0;2
www.casterman.com;1538989;9.0;2
etvous.m6.fr;6496967;9.0;2
www.public.fr;801899;10.0;2
www.capuseen.com;6024211;6.0;2
www.editions-soleil.fr;5266351;10.5;2
billetterie.psg.fr;2099;8.0;2
www.vogue.fr;9357;11.5;2
wikidoublage.fandom.com;9;7.0;2
www.nintendo.com;170;8.5;2
www.xbox.com;167;4.5;2
www.liberation.fr;146640;6.5;2
herculepoirot.free.fr;33486697;6.0;2
www.icem-pedagogie-freinet.org;9458997;7.5;2
www.konvert.be;8514720;6.5;2
www.etudes-litteraires.com;3150469;7.5;2
www.etudier.com;918401;4.5;2
www.bamboo.fr;23496447;5.5;2
olympics.com;573;1.5;2
cnosf.franceolympique.com;2598434;5.5;2
www.france-allemagne.fr;7436871;5.0;2
heros.fandom.com;9;4.5;2
mediatoon-distribution.com;1430184;8.0;2
www.ribambel.com;3844491;1.5;2
www.produits-laitiers.com;4078549;9.0;2
www.livredepoche.com;1871542;9.5;2
www.routard.com;316623;2.5;2
www.wapiti-magazine.com;7462851;7.0;2
actus.sfr.fr;115293;8.0;2
www.hww.ca;47357;8.5;2
lemagdesanimaux.ouest-france.fr;55247;5.5;2
www.cc-veron.fr;9261826;4.0;2
www.julieandrieu.com;3622030;4.5;2
www.fredericlenoir.com;4598785;4.5;2
programme-tv.nouvelobs.com;69167;7.5;2
www.govoyages.com;407982;7.0;2
www.gallimard-jeunesse.fr;2529830;9.5;2
www.ecoledesloisirs.fr;726070;6.0;2
www.franceroutes.fr;7327012;5.5;2
fr.legit.ng;1274;7.5;2
www.lesaccessoires.fr;30252159;9.0;2
www.disneyphile.fr;6484383;3.5;2
www.tvmaison.com;6953901;4.5;2
deco.journaldesfemmes.fr;61142;5.5;2
www.diffazur.fr;3581259;1.5;2
magnum-pi.hypnoweb.net;1451008;6.0;2
www.logic-immo.com;427019;6.5;2
www.malcolm-france.com;3709338;5.5;2
www.lesechos.fr;137846;7.5;2
www.synonymo.fr;282101;10.0;2
messes.info;6380933;1.5;2
www.imagesdoc.com;3601344;6.5;2
www.maisonducafe.com;3369838;5.0;2
www.750g.com;425833;7.0;2
www.demotivateur.fr;754799;10.5;2
castprod.com;4375556;6.0;2
www.lawandorder-fr.com;36208748;10.5;2
www.netflix-news.com;4987812;6.0;2
prenoms.famili.fr;3281822;6.0;2
www.vie-publique.fr;379316;6.0;2
meltingmots.com;3195095;10.0;2
www.hulu.com;94;9.0;2
www.tfo.org;2274213;5.0;2
www.boutiquesdemusees.fr;415646;5.5;2
www.lepetitjuriste.fr;1900618;8.0;2
lcp.fr;7293803;2.5;2
riverdale.fandom.com;9;8.5;2
www.prenoms.com;2079975;11.5;2
www.epcrugby.com;279043;1.5;2
www.midi-olympique.fr;2625979;10.5;2
www.sixnationsrugby.com;56334;2.5;2
www.sam-le-pompier.fr;18127547;7.5;2
www.aude.gouv.fr;3995685;7.5;2
labougieherbivore.com;3842054;8.0;2
www.wordreference.com;636;7.5;2
www.everykid.com;36581753;3.5;2
www.rottentomatoes.com;29;12.5;2
www.topgear-magazine.fr;12067867;8.0;2
www.mister-turbo.com;5682970;5.5;2
www.monpetitforfait.com;1557115;5.0;2
www.fideliance.fr;34669713;6.0;2
www.anglaisfacile.com;340304;1.5;2
sacotin.com;1664567;4.5;2
www.arteradio.com;5891804;6.0;1
www.44cats.tv;1572401;3.0;1
memoiresmplille.wordpress.com;34714534;7.0;1
wonder-day.com;17164;8.0;1
48heuresparjour.com;23352886;7.0;1
beta.novascotia.ca;43960;3.0;1
frenchdistrict.com;276021;4.0;1
www.secourisme.net;9069208;5.0;1
www.porsche.com;883;8.0;1
www.911dc.com;27190727;11.0;1
marcthiercelin.com;9664837;3.0;1
podcast.ausha.co;853349;6.0;1
www.culturecheznous.gouv.fr;11377791;4.0;1
www.lucielegrand.com;n/a;5.0;1
www.microsoft.com;56;1.0;1
www.ionos.fr;1118955;4.0;1
www.journaldunet.com;922470;5.0;1
www.advitamdistribution.com;4852739;1.0;1
www.academie-francaise.fr;672271;4.0;1
www.filmparisregion.com;9916678;6.0;1
advitam.fr;1842594;7.0;1
ad-vitam.fr;31416283;9.0;1
direct-radio.fr;3593742;6.0;1
www.youlovewords.com;2129212;7.0;1
www.voxpublic.org;10098756;10.0;1
radioenlignefrance.com;623310;11.0;1
www.radiofrance.com;4101391;12.0;1
justabouttv.fr;11405186;5.0;1
provence-alpes-cotedazur.com;234882;11.0;1
www.telepro.be;6173263;4.0;1
ego-productions.com;11017081;13.0;1
www.universalmusic.fr;4053388;4.0;1
beta.ataa.fr;33719381;7.0;1
americars-strasbourg.com;37433457;2.0;1
www.portail-recrutement-commercial.com;29648732;5.0;1
www.folimage.fr;10117768;3.0;1
www.familiscope.fr;2108393;3.0;1
angelo-la-debrouille.fandom.com;9;4.0;1
www.la-spa.fr;148407;6.0;1
www.superights.net;2806948;5.0;1
www.superprodanimation.net;3774299;6.0;1
www.scienceshumaines.com;2531038;7.0;1
www.betaseries.com;23188;5.0;1
www.cheval-haute-ecole.com;3125170;4.0;1
au-galop-stsylvain.fr;36619403;10.0;1
www.auto-moto.com;662212;2.0;1
www.automoto-lachaine.fr;35057699;3.0;1
www.autourdebebe.com;961101;11.0;1
www.france-voyage.com;60322;12.0;1
www.history.com;130;8.0;1
www.observationsociete.fr;5924503;2.0;1
blog.hubspot.fr;580020;4.0;1
www.nautiljon.com;145519;9.0;1
mamanpipelette.fr;12676181;7.0;1
bakugan-boutique.com;4283331;8.0;1
balthazar.org;10471047;10.0;1
hotel-balthazar.com;5282567;12.0;1
balthazar.fandom.com;9;13.0;1
budgestudios.com;195803;3.0;1
herverakoto.com;n/a;3.0;1
baskup.fandom.com;9;12.0;1
www.hotelnicebeaurivage.com;1273879;1.0;1
www.restaurantbeaurivage.fr;21752138;2.0;1
www.beau-rivage-hotel.fr;36520038;3.0;1
www.beau-rivage.com;414717;4.0;1
www.chateau-beau-rivage.fr;n/a;5.0;1
plagenicebeaurivage.com;2338913;6.0;1
www.brp.ch;1030618;7.0;1
www.hotelbeaurivage.fr;36886726;8.0;1
www.hyeres-tourisme.com;2553705;9.0;1
lafilleenrouge.com;23935956;5.0;1
belgravia.fr;n/a;7.0;1
www.earthtv.com;64704;1.0;1
www.visitberlin.de;38455;7.0;1
geekroniques.fr;42157567;9.0;1
www.fxnetworks.com;1737;10.0;1
toupies-beyblade.fr;18181876;7.0;1
beyblade-burst.fandom.com;9;4.0;1
fr.epicdope.com;14631;6.0;1
go-toupie.com;13043343;7.0;1
bienvenuechezlesloud.fandom.com;9;7.0;1
fr.vpnmentor.com;10299;6.0;1
www.coloriez.com;7539604;8.0;1
france.bluey.tv;4675;7.0;1
www.puretrend.com;2434469;2.0;1
www.begeek.fr;3301150;2.0;1
www.santevet.com;1118255;7.0;1
sextant-revue.fr;4840241;11.0;1
broadchurch.fandom.com;9;5.0;1
www.bepolar.fr;8032252;11.0;1
www.but.fr;345167;9.0;1
www.buzzfeed.com;384;4.0;1
www.maximal-productions.com;3208561;11.0;1
www.campings-paradis.com;9203102;1.0;1
voyages.carrefour.fr;271953;5.0;1
www.campinglesamarines.com;33641765;6.0;1
www.clubcampings.com;4539263;7.0;1
vl-media.fr;3104852;11.0;1
www.festival-cannes.com;28642;1.0;1
www.cannes.com;422239;7.0;1
france3-regions.francetvinfo.fr;47748;3.0;1
www.cap-sudouest.com;13405988;4.0;1
www.cso.asso.fr;n/a;5.0;1
www.capital.fr;147205;1.0;1
inomics.com;195781;5.0;1
www.labreche.fr;13337217;4.0;1
compediart.com;23398699;5.0;1
www.grapheine.com;634074;12.0;1
www.labelbrut.fr;n/a;1.0;1
letheatre.laval.fr;4313780;2.0;1
le-sablier.org;14980755;3.0;1
teleobs.nouvelobs.com;69167;4.0;1
www.scenenationale61.com;13469584;6.0;1
www.autoplus.fr;1965376;8.0;1
www.mpbconseils.com;23269492;5.0;1
www.marianne.net;1566147;8.0;1
www.worldhistory.org;1259;13.0;1
maestrochalet.fr;7502594;1.0;1
www.euro-chalet.fr;10649864;2.0;1
www.coulisses-tv.fr;9878826;4.0;1
www.chalets-dufour.com;21127761;6.0;1
www.stmb-construction-chalets-bois.com;8249741;8.0;1
www.lapessiere.fr;16569437;9.0;1
www.nintendo.fr;2869091;11.0;1
chromabox.com;41090156;13.0;1
www.hypnoweb.net;1451008;14.0;1
www.chicagofirefc.com;22925;13.0;1
home.chicagopolice.org;8741;8.0;1
podcasts.audiomeans.fr;4123059;3.0;1
podcasts-francais.fr;2390887;10.0;1
podcasts.google.com;4;11.0;1
mulderville.net;666315;6.0;1
www.dna.fr;981062;5.0;1
www.nextplz.fr;1605380;4.0;1
clem.fandom.com;9;5.0;1
www.clem-e.com;23956642;10.0;1
www.tivi5mondeplus.com;4965633;6.0;1
www.voiture-de-film.fr;12834685;12.0;1
www.entreprisesdupaysage.org;6245678;2.0;1
bigfoot-production.com;n/a;5.0;1
www.cerl.fr;5766369;2.0;1
fr.talent.com;3697;4.0;1
www.ornikar.com;627990;6.0;1
www.brangeon.fr;9539442;11.0;1
www.haladjian.fr;9800163;12.0;1
www.theatreonline.com;4878079;8.0;1
lecourtcircuit.fr;26588199;1.0;1
www.elandcables.com;132996;2.0;1
resources.altium.com;49745;3.0;1
www.electricien63.fr;38398959;4.0;1
www.energuide.be;325486;7.0;1
www.le-court-circuit.fr;n/a;8.0;1
cnrtl.fr;46853;9.0;1
izi-by-edf.fr;1734881;10.0;1
courtcircuit.org;30336540;11.0;1
www.luberon-sud-tourisme.fr;10953923;3.0;1
www.jeanmarcmorandini.com;295475;10.0;1
my.weezevent.com;1514491;2.0;1
www.unidivers.fr;5472094;4.0;1
www.concertandco.com;8316699;13.0;1
www.bigcustoms.fr;n/a;4.0;1
wesportfr.com;1984908;5.0;1
www.goutemesdisques.com;6784902;5.0;1
www.bienstream.com;4785939;6.0;1
fiebreseries.com;74279;7.0;1
www.rsdoublage.com;3326471;10.0;1
lcdtech.info;183136;4.0;1
icisete.fr;6957386;7.0;1
justice.ooreka.fr;183767;2.0;1
www.cinoche.com;1532221;8.0;1
www.lesecransterribles.com;16967398;6.0;1
ushuaiatv.fr;29904607;6.0;1
www.l-expert-comptable.com;569507;8.0;1
www.onisep.fr;278582;9.0;1
occasion.largus.fr;659187;10.0;1
www.novelas.tv;3063741;4.0;1
www.116000enfantsdisparus.fr;41047617;9.0;1
www.diplomatie.gouv.fr;18667;11.0;1
www.amf-france.org;1534133;14.0;1
interfaceparoles.free.fr;8851284;6.0;1
www.doubleje.fr;36484208;8.0;1
www.playstation.com;193;12.0;1
ddd.hypnoweb.net;1451008;13.0;1
tsvp-prod.com;41158624;9.0;1
www.pointdevue.fr;604178;5.0;1
www.milan-ecoles.com;12819062;6.0;1
www.cernuschi.paris.fr;19401;13.0;1
monroadtrip.ca;29123990;2.0;1
www.marseille.fr;3016217;3.0;1
le-debat.gallimard.fr;1389837;8.0;1
www.france24.com;3200;12.0;1
granddebat.fr;10856362;13.0;1
defis-declics.org;42331490;1.0;1
www.cerclefser.org;6366535;2.0;1
cler.org;28670155;3.0;1
declics-numeriques.com;30696142;4.0;1
www.apc-paris.com;3639453;5.0;1
www.tv-direct.fr;2004874;4.0;1
www.botravail.fr;21486402;11.0;1
echappees-belles.fr;24651191;12.0;1
eden.fftir.org;5616017;1.0;1
www.cosmovisions.com;2314106;4.0;1
www.fftir.org;5616017;6.0;1
elementary.paris;23407918;9.0;1
elementary.io;125620;10.0;1
tpa.fr;3302368;4.0;1
www.enfamille.com;7827185;10.0;1
www.familytrip.fr;4606268;14.0;1
www.am-today.com;9897742;5.0;1
www.enfants-du-soleil.com;n/a;2.0;1
www.fondation-enfance.org;8810025;3.0;1
enfantsdusoleil.org;25561995;4.0;1
www.la-croix.com;189304;6.0;1
www.odilejacob.fr;4303593;7.0;1
engagezvous.com;n/a;5.0;1
fr.finalfantasyxiv.com;947;6.0;1
editionsdelaube.fr;4880475;7.0;1
www.contact-telephone.com;3055158;5.0;1
www.bellmedia.ca;165423;5.0;1
envoye-special.fr;8632551;8.0;1
www.cia-france.com;177918;6.0;1
allodoublage.com;5073266;7.0;1
espritscriminels.fandom.com;9;11.0;1
etalors-lingerie.fr;24906219;1.0;1
www.chartsinfrance.net;743590;3.0;1
www.cheriefm.fr;1662575;4.0;1
etalors.com;18215633;9.0;1
ms-my.facebook.com;6;3.0;1
www.pairidaiza.eu;509594;3.0;1
ipb.be;10477524;5.0;1
arenes.fr;7995463;5.0;1
xxl-factory.com;19976309;4.0;1
fr.style.yahoo.com;11;13.0;1
blog.autourdeminuit.com;11088107;3.0;1
foot-2-rue-extreme.fandom.com;9;3.0;1
foot-2-rue.fandom.com;9;4.0;1
www.stadefrance.com;292297;4.0;1
lfpl.fff.fr;227439;6.0;1
www.fff.fr;227439;7.0;1
www.ligue2.fr;2835487;1.0;1
www.foot-direct.com;623473;3.0;1
www.betclic.fr;2194547;6.0;1
mercatofootanglais.com;6395572;5.0;1
www.maxifoot.fr;111479;13.0;1
www.foreverliving.fr;4278530;1.0;1
foreverliving.com;60509;3.0;1
www.aloe-vera-pour-tous.com;4397160;4.0;1
www.foreverlaradio.fr;27753365;7.0;1
paris.friendstheexperience.com;42654;9.0;1
friends.hypnoweb.net;1451008;14.0;1
www.gaumont.fr;4567869;6.0;1
gigantosaurus-tvseries.com;1242571;4.0;1
store.playstation.com;193;9.0;1
www.unificationfrance.com;8295696;9.0;1
maze.fr;9275410;2.0;1
carline-beauty.com;6911301;4.0;1
bibliotheques.paris.fr;19401;10.0;1
www.legrandhoteltours.com;5785186;1.0;1
lamonteeiberique.com;7881995;6.0;1
www.booking.com;180;10.0;1
bordeaux.intercontinental.com;16834;11.0;1
grand-hotel-chateau-du-loir.com;10854032;12.0;1
www.grandhotel.fr;18507258;13.0;1
www.grand-hotel-cabourg.com;8897151;14.0;1
www.grands-reportages.com;6140996;2.0;1
www.rfi.fr;9027;8.0;1
abonnement-magazine.fnac.com;59769;11.0;1
ici.artv.ca;3665175;11.0;1
www.pocket-lint.com;1486;2.0;1
www.journaldugeek.com;884838;5.0;1
www.studiohari.com;1508670;7.0;1
www.discogs.com;371;9.0;1
hitmachinem6.unblog.fr;2053166;10.0;1
valdoise.terredecinema.fr;11610256;5.0;1
www.cafedeclic.com;6274204;6.0;1
www2.hm.com;450;11.0;1
www.lamontagne.fr;2493049;12.0;1
www.halowaypoint.com;5700;4.0;1
www.xboxygen.com;5535764;7.0;1
fr.jugomobile.com;458558;9.0;1
cloudatlas.wmo.int;17783;12.0;1
hawaii.hypnoweb.net;1451008;9.0;1
www.close-upmag.com;33313234;4.0;1
www.cineteleandco.fr;9624650;13.0;1
www.conseil-national.medecin.fr;2787321;2.0;1
lesgeneralistes-csmf.fr;11809807;4.0;1
www.dictionnaire-medical.fr;3701870;5.0;1
www.medarus.org;12034264;9.0;1
eduscol.education.fr;776015;12.0;1
www.histoire-de-mots.fr;n/a;2.0;1
bouquinerie-histoiresdemots.fr;29644193;3.0;1
oliviervinuesa.wixsite.com;n/a;4.0;1
www.femmesdaujourdhui.be;1709039;2.0;1
www.morganphilips.com;1182420;8.0;1
anyfrench.com;9554483;11.0;1
www.filmdeculte.com;7260602;3.0;1
www.caminteresse.fr;817935;1.0;1
www.bilan-psychologique.com;2182688;2.0;1
www.rayuresetratures.fr;3454569;4.0;1
sante.journaldesfemmes.fr;61142;6.0;1
www.santemagazine.fr;250928;8.0;1
suivezlezebre.com;3036162;9.0;1
www.atypikoo.com;9211297;10.0;1
associationheritages.com;26402826;4.0;1
pompes-funebres-aubry.com;22908509;6.0;1
heritages.cyu.fr;1772337;9.0;1
ot-aiguesmortes.com;3508593;3.0;1
ici-tout-commence.fr;19219509;12.0;1
www.asterix.com;257081;4.0;1
www.doitinparis.com;514296;7.0;1
www.institutfrancais.pl;10830241;7.0;1
esculturaeventos.com;3141261;5.0;1
tf1pro.com;33646311;13.0;1
www.infiniti.com;23826;1.0;1
www.lacentrale.fr;189152;4.0;1
www.autosphere.fr;852843;5.0;1
www.latribune.fr;642827;6.0;1
www.automobile-magazine.fr;2307317;11.0;1
www.ouestfrance-auto.com;917505;13.0;1
www.neubauer.fr;21750532;14.0;1
www.gallia.be;10934444;4.0;1
www.poetica.fr;1564981;2.0;1
www.kartable.fr;709739;3.0;1
lesvoixdelapoesie.ca;2674005;8.0;1
www.bacdefrancais.net;2650275;9.0;1
pezenas2022.fr;41999419;11.0;1
www.bonjourpoesie.fr;2001131;12.0;1
n-oubliez-pas-les-paroles.fandom.com;9;8.0;1
paroles2chansons.lemonde.fr;13457;10.0;1
www.ledevoir.com;339724;10.0;1
www.gis-reseau-asie.org;1198161;7.0;1
recettes100faim.fr;12342428;4.0;1
www.carrefour.fr;271953;9.0;1
www.groupe-bel.com;733719;10.0;1
recettes.de;1836462;11.0;1
www.kiri-kiri.be;n/a;12.0;1
www.kiva.fr;30736318;1.0;1
www.kiva.org;48783;2.0;1
finland.fi;62307;5.0;1
www.usinenouvelle.com;904955;7.0;1
www.francelive.fr;3691575;2.0;1
kungfupanda.fandom.com;9;7.0;1
www.librairie-gallimard.com;4500637;13.0;1
movierama.fr;12895307;14.0;1
europe.tv5monde.com;66153;5.0;1
autobiographie.sitapa.org;31162268;12.0;1
vod.canalplus.com;79000;13.0;1
www.info-du-web.net;9100957;4.0;1
gallica.bnf.fr;158593;9.0;1
cinedweller.com;3828436;10.0;1
chloefashionlifestyle.com;6913443;11.0;1
www.lagrandlibrairie.com;14719076;8.0;1
odelices.ouest-france.fr;55247;12.0;1
www.eyrolles.com;1728452;5.0;1
elephant-groupe.com;4646965;12.0;1
histoire.fr;33826637;6.0;1
thepretender.hypnoweb.net;1451008;9.0;1
www.magelis.org;40542540;6.0;1
www.grazia.fr;1368459;12.0;1
www.nouveau-monde.net;16977657;3.0;1
halldulivre.com;4338716;5.0;1
www.ombres-blanches.fr;7912277;8.0;1
www.lejourduseigneur.com;2497313;1.0;1
soundcloud.com;253;10.0;1
ici.radio-canada.ca;53619;11.0;1
francearchives.fr;1937135;12.0;1
www.lisez.com;2263872;9.0;1
mffp.gouv.qc.ca;42766;4.0;1
www.notrenature.be;5828854;7.0;1
www.le-renard.fr;12705924;10.0;1
www.bestioles.ca;4438685;11.0;1
www.cotre-corsaire-renard.com;37860740;12.0;1
www.ofb.gouv.fr;3357259;13.0;1
alivreouvert.net;9526944;4.0;1
www.superprof.fr;568088;5.0;1
www.voyageavecnous.fr;1566905;6.0;1
www.billetreduc.com;1435145;11.0;1
idille-emissions.tv;9592373;13.0;1
www.leonardo.com;75606;3.0;1
www.cinenews.be;874007;7.0;1
histoiredupsg.fr;4829679;8.0;1
le10sport.com;1157118;10.0;1
www.fanafoot.com;16005321;11.0;1
actimomes.com;17408071;5.0;1
www.tintin.com;82001;7.0;1
www.ecransdumonde.com;16668769;3.0;1
www.gad-distribution.com;2497741;4.0;1
www.msn.com;178;3.0;1
www.femina.fr;1384755;10.0;1
www.allier-auvergne-tourisme.com;4531622;13.0;1
lescheminsdusacre.com;n/a;2.0;1
www.cameralucida.fr;35710008;8.0;1
nicolas-le-neve3.webnode.fr;2355378;9.0;1
mechants.fandom.com;9;4.0;1
pizzeria-les-dalton.fr;22820860;10.0;1
www.agatfilms-exnihilo.com;7066398;3.0;1
tvbreizh.fr;5251479;11.0;1
bfmbusiness.bfmtv.com;49414;11.0;1
tendances.orange.fr;113998;6.0;1
oth.hypnoweb.net;1451008;10.0;1
lesfreresscott.free.fr;22511954;14.0;1
www.vousnousils.fr;5702787;3.0;1
www.bayard-editions.com;2885648;11.0;1
homemedia.fr;10179510;9.0;1
www.avcesar.com;9062844;10.0;1
imagissime.productions;32605734;8.0;1
benshi.fr;8511872;5.0;1
www.parcsnationaux.fr;4543119;6.0;1
www.office-tourisme-usa.com;1899725;8.0;1
mapstr.com;1133932;3.0;1
docs.quad.fr;2328428;4.0;1
marguerite.mediatheques.fr;7629997;5.0;1
www.rageot.fr;20151238;1.0;1
ilestencoretemps.fr;4419035;3.0;1
www.evaneos.fr;1736997;4.0;1
www.selection.ca;743067;6.0;1
actualites-decalees.autojournal.fr;2040780;7.0;1
www.exoticca.com;39319;8.0;1
www.simpsonspark.com;3553061;9.0;1
les-triples.com;10993052;1.0;1
www.geekgeneration.fr;6678615;7.0;1
photo.geo.fr;503600;3.0;1
www.newenconnect.com;2488539;11.0;1
www.melty.fr;2108164;10.0;1
mapiscinedereve.fr;n/a;3.0;1
www.piscinespa.com;10738289;5.0;1
www.harlequin.fr;5323675;8.0;1
www.bienici.com;313552;1.0;1
www.seloger.com;119161;2.0;1
immobilier.lefigaro.fr;19674;4.0;1
www.avendrealouer.fr;889612;5.0;1
www.pap.fr;452046;8.0;1
www.immonot.com;1424813;9.0;1
www.century21.fr;990019;10.0;1
www.warnertv.fr;11617191;8.0;1
www.mangerbouger.fr;3144296;9.0;1
www.smatis.fr;5735452;10.0;1
www.chateauversailles.fr;7082;4.0;1
marie-antoinette.forumactif.org;1619556;8.0;1
www.lexpress.fr;580389;4.0;1
www.ege.fr;3654808;2.0;1
tonies.com;20236;11.0;1
medium.com;390;1.0;1
www.pagesjaunes.fr;85862;5.0;1
www.notredamedeparis.fr;327312;5.0;1
www.oeuvredesvocations.fr;8547236;6.0;1
diocesedetours.catholique.fr;408089;7.0;1
www.paroisse-cathedrale-tours.fr;27575220;8.0;1
www.europcar-guadeloupe.com;3809217;2.0;1
www.sudinfo.be;324171;5.0;1
itunes.apple.com;15;9.0;1
latelierdimages.fr;42129630;11.0;1
www.ballecourbe.ca;2645430;4.0;1
evene.lefigaro.fr;19674;13.0;1
blog.litha-espresso.fr;37322885;1.0;1
ma-box-cafe.com;25694058;2.0;1
www.illy.com;18743;4.0;1
www.meilleurduchef.com;207768;5.0;1
moka.ai;4221416;6.0;1
molang.com;74196;1.0;1
lacentraledespetits.com;17033286;7.0;1
heros-fr.fandom.com;9;4.0;1
www.reservoir-prod.fr;21483003;3.0;1
monk.hypnoweb.net;1451008;9.0;1
monk.fandom.com;9;11.0;1
www.estrepublicain.fr;1215112;2.0;1
jaimelesmots.com;2188932;4.0;1
www.ledouxpsychologue.fr;28253261;3.0;1
mr-robot.fandom.com;9;4.0;1
fr.mappy.com;300103;3.0;1
scriiipt.com;9849666;6.0;1
www.nice.fr;1650778;5.0;1
spectacle.noplp.fr;7492832;12.0;1
dictionnaire.orthodidacte.com;554452;6.0;1
www.rapcity.fr;28235039;12.0;1
nawak.com;6771957;1.0;1
ncis.fandom.com;9;5.0;1
www.nextdirect.com;151148;1.0;1
www.zalando.fr;310817;2.0;1
next-showroom.com;26844688;3.0;1
www.next.co.uk;16354;4.0;1
www.laredoute.fr;320850;6.0;1
www.nextmobiles.com;9998182;8.0;1
jvmag.ch;10137359;11.0;1
meilleursprenoms.com;5155847;4.0;1
fluxdeconnaissances.com;35439;5.0;1
nautisme-innovation-numerique-atlantique.fr;19861873;10.0;1
www.ninaricci.com;133705;11.0;1
www.lemediaplus.com;10961910;7.0;1
www.coleka.com;46141;9.0;1
brickset.com;4637;10.0;1
www.hothbricks.com;947862;11.0;1
ninjago.fandom.com;9;12.0;1
mobile.twitter.com;12;4.0;1
www.avenuedelabrique.com;12669721;12.0;1
www.scenedecrime.tv;8800689;7.0;1
www.phare-ouest.tv;28358690;11.0;1
fr.necropedia.org;46949;4.0;1
www.groupechopard.com;3497591;2.0;1
oggyandthecockroaches.fandom.com;9;4.0;1
surnosecrans.com;7371326;6.0;1
www.lesnumeriques.com;435581;13.0;1
www.police-nationale.interieur.gouv.fr;113479;13.0;1
www.paprika.fr;20466025;2.0;1
ileauxepices.com;1218622;3.0;1
www.epices-fuchs.fr;7956957;4.0;1
www.passeportsante.net;91260;6.0;1
www.epicesdumonde.com;2595231;7.0;1
www.assemblee-nationale.fr;310372;1.0;1
www2.assemblee-nationale.fr;310372;2.0;1
www.noscommunes.ca;2532905;5.0;1
www.parlement.fr;29092435;8.0;1
www.europarl.europa.eu;26597;10.0;1
perspective.usherbrooke.ca;281424;12.0;1
www.cesoirtv.com;3066054;11.0;1
www.coast2coast.fr;10399359;2.0;1
www.gentside.com;1776217;3.0;1
gspawn.com;17372;9.0;1
www.lostintheusa.fr;893533;11.0;1
www.gettyimages.fr;364167;12.0;1
www.redbubble.com;287;14.0;1
peppapig.fandom.com;9;4.0;1
www.mon-heros.com;14855258;5.0;1
www.bebegavroche.com;6485689;9.0;1
www.peppapig.com;33455;10.0;1
www.petitmalabar.tv;n/a;3.0;1
www.albin-michel.fr;3443593;6.0;1
www.ricochet-jeunes.org;2538642;7.0;1
www.petitoursbrun.com;39003206;2.0;1
www.123casting.com;6273326;3.0;1
www.atlantistv.fr;7586631;5.0;1
www.lemessager.fr;3716032;1.0;1
plusbellelavie.org;4447569;7.0;1
www.pokemon.com;340;1.0;1
www.cartepokemons.com;40277422;3.0;1
pokemongolive.com;5508;7.0;1
www.pokemon-france.com;7341025;9.0;1
www.dafont.com;2757;3.0;1
www.elephorm.com;2987833;4.0;1
graphiste.com;1571647;5.0;1
pro-actif.ca;6999406;6.0;1
www.adobe.com;100;7.0;1
www.blogdumoderateur.com;561597;9.0;1
www.monotype.com;102774;12.0;1
www.bienpublic.com;1886192;5.0;1
littlekmbo.com;19401085;6.0;1
www.andarta-pictures.com;8992810;10.0;1
blog.boardsource.org;121784;3.0;1
zagtoon.fandom.com;9;5.0;1
www.heroshock.com;1243792;4.0;1
profilage.fandom.com;9;3.0;1
profilage.hypnoweb.net;1451008;9.0;1
dailygeekshow.com;3214788;4.0;1
www.agc3pa02.fr;11909733;10.0;1
www.supagro.fr;4723319;12.0;1
www.protestants.org;40744869;3.0;1
museeprotestant.org;116236;8.0;1
www.casting-pekinexpress.fr;23355069;9.0;1
recherche-appartement-ou-maison.com;8661831;3.0;1
artistes-productions.com;6422518;6.0;1
mon-arbre-genealogique.fr;16796934;4.0;1
succession-service.fr;14903034;5.0;1
cleerly.fr;2895294;6.0;1
www.coutot-roehrig.com;39051134;7.0;1
www.rfgenealogie.com;5922694;9.0;1
www.m-habitat.fr;1034757;10.0;1
www.parisbouge.com;3498751;3.0;1
www.destinationcocktails.fr;4950142;7.0;1
www.restosducoeur.org;1042985;1.0;1
www.francebenevolat.org;4148455;5.0;1
www.saint-cyr-sur-loire.com;19893682;6.0;1
www.legrandrex.com;974032;1.0;1
www.viepratique.fr;1727715;3.0;1
rexclub.com;2129705;10.0;1
www.rickyzoom.com;759047;2.0;1
fr.tomy.com;40788;3.0;1
www.fredzone.org;2621990;3.0;1
www.proximus.be;369177;4.0;1
www.coollibri.com;2885486;2.0;1
culturelivresque.fr;7018923;7.0;1
www.motscroises.fr;1156647;11.0;1
www.youscribe.com;3057231;13.0;1
www.agendatv-rugby.com;27193816;5.0;1
dicodusport.fr;2348144;5.0;1
www.ffr.fr;1395777;8.0;1
www.sacha.fr;11859629;1.0;1
www.fourchette-et-bikini.fr;1504889;5.0;1
www.wikiwand.com;1308;7.0;1
www.sam-outillage.fr;13047325;2.0;1
www.manomano.fr;195747;11.0;1
www.tripadvisor.fr;83581;12.0;1
www.orientation.com;1453857;14.0;1
janeausten.co.uk;100644;4.0;1
www.insider.com;210;7.0;1
www.quora.com;60;8.0;1
www.tvinsider.com;276;12.0;1
profsdocs.mlfmonde.org;1461988;8.0;1
www.boingtv.fr;10784217;10.0;1
scorpionsports.eu;2580712;9.0;1
emma.ca;14802;14.0;1
www.secretsdhistoire.tv;3049516;2.0;1
store.uni-medias.com;17572602;10.0;1
www.viapresse.com;3758941;11.0;1
www.tracedirecte.com;7511390;5.0;1
safaris-a-la-carte.com;8622297;8.0;1
tanzaniaspecialist.fr;6791134;9.0;1
www.globe-trotting.com;2122245;10.0;1
www.serengeti-eyewear.com;110468;11.0;1
www.voyagetanzanie.fr;10607656;12.0;1
www.tropicalement-votre.com;4823168;14.0;1
rinaorc.com;23781090;4.0;1
www.geforce.com;32136;11.0;1
ww2.ac-poitiers.fr;936670;4.0;1
loupioteasbl.files.wordpress.com;6202;6.0;1
www.studiodesursulines.com;10522737;9.0;1
hitek.fr;1624363;10.0;1
www.mesopinions.com;3676363;5.0;1
m.imdb.com;5;10.0;1
www.simon-tv.com;681583;3.0;1
www.memento-productions.com;23374160;2.0;1
moisdudoc.com;22905220;5.0;1
prologue-alca.fr;16720377;8.0;1
www.squaredesartistes.com;14106067;4.0;1
www.deezer.com;3819;3.0;1
superstore-shop.com;9709476;3.0;1
smallthings.fr;10324748;7.0;1
www.mediacritik.com;6983783;11.0;1
www.citizenkid.com;2789175;4.0;1
www.taffy-ecologiques.com;n/a;1.0;1
www.tandem.net;21610;1.0;1
www.tandemcompany.fr;15814039;8.0;1
www.target.com;25;1.0;1
www.mikrosanimation.com;694360;7.0;1
www.ludum.fr;1760038;5.0;1
fr.statista.com;1191;3.0;1
tickets.rolandgarros.com;2387;6.0;1
www.terraterre.co;11476084;1.0;1
www.publicsenat.fr;1442589;2.0;1
www.sami.eco;7478186;3.0;1
www.dimo-diagnostic.net;1774462;4.0;1
www.terraterre.fr;n/a;5.0;1
lesindependants.co;26556397;7.0;1
tfouparc.com;11243651;10.0;1
paroledemamans.com;2423068;13.0;1
www.thalassa.com;3367722;2.0;1
www.sivu-thalassa.fr;30918880;13.0;1
www.thebay.com;27820;2.0;1
thechosen.fr;7100603;1.0;1
watch.angelstudios.com;7252;5.0;1
screenrant.com;132;3.0;1
ew.com;290;6.0;1
lecoindescritiquescine.com;14096936;12.0;1
www.tvguide.com;76;14.0;1
justonemoreep.com;10746066;3.0;1
xmen.fandom.com;9;8.0;1
fr.ign.com;147;12.0;1
leschroniquesdecliffhanger.com;6301719;8.0;1
www.stars-actu.fr;8503529;5.0;1
www.papadustream.cc;1302128;11.0;1
blog.allegromusique.fr;1596157;4.0;1
thevoice.fandom.com;9;11.0;1
www.newsweek.com;348;5.0;1
www.roku.com;350;6.0;1
www.hitc.com;699;7.0;1
www.businessupturn.com;21870;8.0;1
fr.vpnpro.com;33520;3.0;1
www.direct8.fr;586191;5.0;1
www.benzinemag.net;8476726;9.0;1
this-is-us.fandom.com;9;10.0;1
www.lebonjouet.fr;29576210;9.0;1
toc-toc.fr;18386192;4.0;1
bytoctoc.com;30956674;5.0;1
www.jeux123.fr;2551527;6.0;1
www.tomsawyerlemusical.com;n/a;2.0;1
www.schoolmouv.fr;1358066;4.0;1
www.voir-de-pres.fr;17138358;8.0;1
context.reverso.net;417;6.0;1
journalduluxe.fr;6354556;3.0;1
www.marmiton.org;84105;13.0;1
www.largus.fr;659187;13.0;1
www.topgear.com;4575;2.0;1
www.tvanouvelles.ca;76394;3.0;1
momes.parents.fr;266711;3.0;1
bouclard-editions.fr;34577130;6.0;1
www.actorsfactory.fr;12540962;6.0;1
www.careco41.fr;34352249;1.0;1
gievresauto.com;37321454;2.0;1
lesretrosdor.com;11537507;4.0;1
www.lejsl.com;1664845;8.0;1
www.dynatek.fr;21141286;4.0;1
fr.motor1.com;2493;5.0;1
www.turbofrance.fr;5482007;10.0;1
www.abcsalles.com;1552962;4.0;1
twist.com;115549;7.0;1
www.jeuxteleactu.com;32490917;10.0;1
www.casting-events.com;17124340;12.0;1
www.mpedia.fr;536425;9.0;1
unenounoudenfer.fr;6858505;8.0;1
larochesuryon.maville.com;699536;5.0;1
www.zoo-la-fleche.com;4588097;9.0;1
www.editions-larousse.fr;4841841;12.0;1
www.journal-laterrasse.fr;22443995;9.0;1
la1ere.francetvinfo.fr;47748;9.0;1
www.chu-tours.fr;12208322;1.0;1
www.sante.fr;509586;2.0;1
www.chu-lyon.fr;1593234;3.0;1
www.chu-toulouse.fr;2033533;4.0;1
www.tours.fr;3304916;7.0;1
www.urgences-la-serie.com;12471529;9.0;1
info-tours.fr;5266654;12.0;1
anap.fr;7053585;13.0;1
www.midilibre.fr;349112;5.0;1
toitsalternatifs.fr;7533532;12.0;1
www.emissions-tv.com;9440654;10.0;1
www.vestimetal.fr;7098721;2.0;1
www.vestiaires-magazine.com;12760624;5.0;1
fr.vestiairecollective.com;5208;6.0;1
www.gamekult.com;2334030;8.0;1
copainsdavant.linternaute.com;291940;4.0;1
fr.m.wikipedia.org;1;5.0;1
www.vintagemecanic.com;21216817;11.0;1
following-members.com;41059829;13.0;1
imctoys.com;666766;7.0;1
www.walmart.ca;19482;8.0;1
visionspol.eu;35601026;2.0;1
www.visionsfrance.fr;3565779;12.0;1
vpnpro.com;33520;6.0;1
www.amazon.com;3;7.0;1
readysteadycut.com;6557;8.0;1
movieweb.com;439;4.0;1
www.hbomax.com;189;6.0;1
wallstreetenglish.fr;733806;4.0;1
fr.pons.com;2211;5.0;1
www.gymglish.com;6292;11.0;1
www.anglaiscours.fr;1788265;13.0;1
sites.arte.tv;112573;2.0;1
wwws.xeniusconsulting.com;n/a;4.0;1
www.safas.com;5903319;7.0;1
encause.fr;4947324;3.0;1
www.visittheusa.fr;2073364;10.0;1
lesvoix.fr;9038425;8.0;1
www.go-n.fr;2611561;6.0;1
www.m6videobank.com;6005213;13.0;1
www.imusic-school.com;62217;2.0;1
caribbeanmusicartists.com;17667918;3.0;1
www.casting.fr;2890463;4.0;1